1,1005,RETAIL STORES BUYING,20,ASSISTANT BUYER,75000,112012,Zoi,Gorman
2,1005,RETAIL STORES BUYING,20,ASSISTANT BUYER,75000,111933,Yousef,Joe
3,1005,RETAIL STORES BUYING,20,ASSISTANT BUYER,75000,112123,Terry,Byrne
4,1005,RETAIL STORES BUYING,20,ASSISTANT BUYER,75000,111984,Tamer,Hassan
5,1005,RETAIL STORES BUYING,20,ASSISTANT BUYER,75000,111947,Stuart,Martin
5,1005,RETAIL STORES BUYING,25,BUYER,95000,111691,Xena,Avramidis
7,1005,RETAIL STORES BUYING,25,BUYER,95000,111473,Xavi,Lite
8,1005,RETAIL STORES BUYING,25,BUYER,95000,111775,Wuese,Houston-Jibo
9,1005,RETAIL STORES BUYING,25,BUYER,95000,111648,William,Nevan
10,1005,RETAIL STORES BUYING,25,BUYER,95000,111726,Will,O'Connell
11,1005,RETAIL STORES BUYING,40,BUYING DIRECTOR,180000,111117,Aria,Torres
12,1005,RETAIL STORES BUYING,30,BUYING MANAGER,120000,111122,Zoe,Lopez
13,1005,RETAIL STORES BUYING,30,BUYING MANAGER,120000,111297,Zion,Gonzales
14,1005,RETAIL STORES BUYING,30,BUYING MANAGER,120000,111187,Willow,Lopez
15,1005,RETAIL STORES BUYING,10,BUYING ASSISTANT,52000,112188,Tyrone,Kearns
16,1005,RETAIL STORES BUYING,10,BUYING ASSISTANT,52000,112166,Trixiebell,Harrowell
17,1005,RETAIL STORES BUYING,10,BUYING ASSISTANT,52000,112270,Terence,Hughes
18,1005,RETAIL STORES BUYING,10,BUYING ASSISTANT,52000,112285,Susan,Christie
19,1003,ONLINE IVENTORY BUYING,20,ASSISTANT BUYER,75000,111961,Will,Champion
20,1003,ONLINE IVENTORY BUYING,20,ASSISTANT BUYER,75000,112031,Wayne,Foskett
21,1003,ONLINE IVENTORY BUYING,20,ASSISTANT BUYER,75000,111960,Tyrone,Mcelhennon
22,1003,ONLINE IVENTORY BUYING,20,ASSISTANT BUYER,75000,111989,Tristan,Mercieca
23,1003,ONLINE IVENTORY BUYING,25,BUYER,95000,111806,Zachary,Baharov
24,1003,ONLINE IVENTORY BUYING,25,BUYER,95000,111631,Yuri,Kolokolnikov
25,1003,ONLINE IVENTORY BUYING,25,BUYER,95000,111597,Will,Tudor
26,1003,ONLINE IVENTORY BUYING,25,BUYER,95000,111876,Wilf,Scolding
27,1003,ONLINE IVENTORY BUYING,25,BUYER,95000,111415,Vito,Sanz
28,1003,ONLINE IVENTORY BUYING,25,BUYER,95000,111779,Tony,Flynn
29,1003,ONLINE IVENTORY BUYING,40,BUYING DIRECTOR,180000,111113,Riley,Chavez
30,1003,ONLINE IVENTORY BUYING,30,BUYING MANAGER,120000,111282,Xavier,Chavez
31,1003,ONLINE IVENTORY BUYING,30,BUYING MANAGER,120000,111191,Sophie,Chavez
32,1003,ONLINE IVENTORY BUYING,30,BUYING MANAGER,120000,111177,Skyler,Shark
33,1003,ONLINE IVENTORY BUYING,30,BUYING MANAGER,120000,111226,Sebastian,Lopez
34,1002,OMNI MERCHANDISING,20,ASSISTANT MERCHANDISER,75000,112057,Will,Rastall
35,1002,OMNI MERCHANDISING,20,ASSISTANT MERCHANDISER,75000,111887,Tom,Chadbon
36,1002,OMNI MERCHANDISING,20,ASSISTANT MERCHANDISER,75000,112120,Susie,Kelly
37,1002,OMNI MERCHANDISING,20,ASSISTANT MERCHANDISER,75000,112134,Stephen,Brown
38,1002,OMNI MERCHANDISING,10,MERCHANDISE ASSISTANT,52000,112232,Robert,Yates
39,1002,OMNI MERCHANDISING,10,MERCHANDISE ASSISTANT,52000,112281,Raquel,Arraes
40,1002,OMNI MERCHANDISING,10,MERCHANDISE ASSISTANT,52000,112225,Phil,Barnhill
41,1002,OMNI MERCHANDISING,25,MERCHANDISER,95000,111427,William,Miller
42,1002,OMNI MERCHANDISING,25,MERCHANDISER,95000,111819,Toby,Osmond
43,1002,OMNI MERCHANDISING,25,MERCHANDISER,95000,111791,Struan,Rodger
44,1002,OMNI MERCHANDISING,25,MERCHANDISER,95000,111497,Sophie,Turner
45,1002,OMNI MERCHANDISING,25,MERCHANDISER,95000,111378,Sofía,González
46,1002,OMNI MERCHANDISING,30,MERCHANDISING MANAGER,120000,111294,Andrew,Shark
47,1002,OMNI MERCHANDISING,30,MERCHANDISING MANAGER,120000,111119,Amelia,Thompson
48,1002,OMNI MERCHANDISING,30,MERCHANDISING MANAGER,120000,111266,Adrian,Vasquez
49,1002,OMNI MERCHANDISING,30,MERCHANDISING MANAGER,120000,111280,Aaron,Lauren
50,1002,OMNI MERCHANDISING,40,MERCHANDISING DIRECTOR,180000,111357,Cristina,De-La-Cruz
51,1001,OMNI MARKETING,25,MARKETING PLANNER,95000,111384,Alfonso,Manjavacas
52,1001,OMNI MARKETING,25,MARKETING PLANNER,95000,111447,Alfonso,Molina
53,1001,OMNI MARKETING,25,MARKETING PLANNER,95000,111405,Alberto,Ferreiro
54,1001,OMNI MARKETING,25,MARKETING PLANNER,95000,111398,Adrián,Fernández
55,1001,OMNI MARKETING,30,MARKETING MANAGER,120000,111293,Hunter,Lauren
56,1001,OMNI MARKETING,30,MARKETING MANAGER,120000,111237,Henry,Smith
57,1001,OMNI MARKETING,30,MARKETING MANAGER,120000,111216,Grayson,Shark
58,1001,OMNI MARKETING,40,MARKETING DIRECTOR,180000,111146,Aubrey,Smith
59,1001,OMNI MARKETING,20,MARKETING ASSOCIATE,75000,112091,Patrick,Ryan
60,1001,OMNI MARKETING,20,MARKETING ASSOCIATE,75000,112196,Patrick,Kelly
61,1001,OMNI MARKETING,20,MARKETING ASSOCIATE,75000,112315,Patrick,Mcgilligan
62,1001,OMNI MARKETING,20,MARKETING ASSOCIATE,75000,112280,Pablo,Verdejo
63,1001,OMNI MARKETING,10,ASSISTANT MARKETING ASSOCIATE,52000,111489,Rocio,Melo
64,1001,OMNI MARKETING,10,ASSISTANT MARKETING ASSOCIATE,52000,111643,Robert,Sterne
65,1001,OMNI MARKETING,10,ASSISTANT MARKETING ASSOCIATE,52000,111783,Rebecca,Scott
66,1001,OMNI MARKETING,10,ASSISTANT MARKETING ASSOCIATE,52000,111412,Raúl,Marcos